('15.188.186.150'; '16dt-serrurier-rennes.notaires.fr\n') registrar;MarkMonitor; Inc. updated_date;[datetime.datetime(2023;10;31;17;16; 4); datetime.datetime(2023;10;31;17;16;4; tzinfo=datetime.timezone.utc)] created_date;[datetime.datetime(2005;8;18;2;10; 45); datetime.datetime(2005;8;18;2;10;45; tzinfo=datetime.timezone.utc)] org;Amazon.com; Inc. country;US
('15.188.186.150'; '16hugo-dijon.notaires.fr\n') registrar;MarkMonitor Inc. updated_date;2023-10-31 17;16;04 created_date;2005-08-18 02;10;45 org;None country;None;;;;;;;;;;;;;;;;;;;;;;
('13.38.170.206'; '2c2f.notaires.fr\n') registrar;MarkMonitor Inc. updated_date;2023-10-31 17;16;04 created_date;2005-08-18 02;10;45 org;None country;None;;;;;;;;;;;;;;;;;;;;;;
('15.188.186.150'; '3foch.notaires.fr\n') registrar;MarkMonitor Inc. updated_date;2023-10-31 17;16;04 created_date;2005-08-18 02;10;45 org;None country;None;;;;;;;;;;;;;;;;;;;;;;
('15.188.186.150'; '3satao.notaires.fr\n') registrar;MarkMonitor Inc. updated_date;2023-10-31 17;16;04 created_date;2005-08-18 02;10;45 org;None country;None;;;;;;;;;;;;;;;;;;;;;;
('13.38.170.206'; '51avenue.notaires.fr\n') registrar;MarkMonitor Inc. updated_date;2023-10-31 17;16;04 created_date;2005-08-18 02;10;45 org;None country;None;;;;;;;;;;;;;;;;;;;;;;
('15.188.186.150'; '53-briand-montrouge.notaires.fr\n') registrar;MarkMonitor Inc. updated_date;2023-10-31 17;16;04 created_date;2005-08-18 02;10;45 org;None country;None;;;;;;;;;;;;;;;;;;;;;;
('13.38.170.206'; '93saintlazare.notaires.fr\n') registrar;MarkMonitor Inc. updated_date;2023-10-31 17;16;04 created_date;2005-08-18 02;10;45 org;None country;None;;;;;;;;;;;;;;;;;;;;;;
('13.38.170.206'; 'abbo-burte.notaires.fr\n') registrar;MarkMonitor Inc. updated_date;2023-10-31 17;16;04 created_date;2005-08-18 02;10;45 org;None country;None;;;;;;;;;;;;;;;;;;;;;;
('13.38.170.206'; 'abitbol.notaires.fr\n') registrar;MarkMonitor Inc. updated_date;2023-10-31 17;16;04 created_date;2005-08-18 02;10;45 org;None country;None;;;;;;;;;;;;;;;;;;;;;;
('15.188.186.150'; 'abler-bailleul-evreux.notaires.fr\n') registrar;MarkMonitor Inc. updated_date;2023-10-31 17;16;04 created_date;2005-08-18 02;10;45 org;None country;None;;;;;;;;;;;;;;;;;;;;;;
('15.188.186.150'; 'abrialetvanseggelen.notaires.fr\n') registrar;MarkMonitor Inc. updated_date;2023-10-31 17;16;04 created_date;2005-08-18 02;10;45 org;None country;None;;;;;;;;;;;;;;;;;;;;;;
('13.38.170.206'; 'accorsi-bouguereau-vouillon-grasse.notaires.fr\n') registrar;MarkMonitor Inc. updated_date;2023-10-31 17;16;04 created_date;2005-08-18 02;10;45 org;None country;None;;;;;;;;;;;;;;;;;;;;;;
('15.188.186.150'; 'acdutreuil.notaires.fr\n') registrar;MarkMonitor Inc. updated_date;2023-10-31 17;16;04 created_date;2005-08-18 02;10;45 org;None country;None;;;;;;;;;;;;;;;;;;;;;;
('13.38.170.206'; 'achard-vittoz-reignieresery.notaires.fr\n') registrar;MarkMonitor Inc. updated_date;2023-10-31 17;16;04 created_date;2005-08-18 02;10;45 org;None country;None;;;;;;;;;;;;;;;;;;;;;;
('15.188.186.150'; 'acn75.notaires.fr\n') registrar;MarkMonitor Inc. updated_date;2023-10-31 17;16;04 created_date;2005-08-18 02;10;45 org;None country;None;;;;;;;;;;;;;;;;;;;;;;
('15.188.186.150'; 'acn93.notaires.fr\n') registrar;MarkMonitor Inc. updated_date;2023-10-31 17;16;04 created_date;2005-08-18 02;10;45 org;None country;None;;;;;;;;;;;;;;;;;;;;;;
('13.38.170.206'; 'acn95.notaires.fr\n') registrar;MarkMonitor Inc. updated_date;2023-10-31 17;16;04 created_date;2005-08-18 02;10;45 org;None country;None;;;;;;;;;;;;;;;;;;;;;;
('15.188.186.150'; 'actanot.notaires.fr\n') registrar;MarkMonitor Inc. updated_date;2023-10-31 17;16;04 created_date;2005-08-18 02;10;45 org;None country;None;;;;;;;;;;;;;;;;;;;;;;
('5.196.207.219'; 'actavie.notaires.fr\n') registrar;GANDI updated_date;2023-02-08 06;17;03.641428 created_date;2014-02-13 15;58;49 org;None country;None;;;;;;;;;;;;;;;;;;;;;;
('151.80.25.48'; 'acte-notarie.biz\n') registrar;FRENCH CONNEXION updated_date;2022-11-03 14;41;57.097651 created_date;2004-08-04 22;0;00 org;None country;None;;;;;;;;;;;;;;;;;;;;;;
('5.135.136.43'; 'acte-notarie.eu\n') registrar;FRENCH CONNEXION updated_date;2022-11-03 14;41;57.097651 created_date;2004-08-04 22;0;00 org;None country;None;;;;;;;;;;;;;;;;;;;;;;
('5.135.136.43'; 'acte-notarie.net\n') registrar;FRENCH CONNEXION updated_date;2022-11-03 14;41;57.097651 created_date;2004-08-04 22;0;00 org;None country;None;;;;;;;;;;;;;;;;;;;;;;
('15.188.186.150'; 'actoria-notairesassocies.notaires.fr\n') registrar;MarkMonitor Inc. updated_date;2023-10-31 17;16;04 created_date;2005-08-18 02;10;45 org;None country;None;;;;;;;;;;;;;;;;;;;;;;
('15.188.186.150'; 'adet-blainville-gerbeviller.notaires.fr\n') registrar;MarkMonitor Inc. updated_date;2023-10-31 17;16;04 created_date;2005-08-18 02;10;45 org;None country;None;;;;;;;;;;;;;;;;;;;;;;
('15.188.186.150'; 'adolff-marcot-peiffer.notaires.fr\n') registrar;MarkMonitor Inc. updated_date;2023-10-31 17;16;04 created_date;2005-08-18 02;10;45 org;None country;None;;;;;;;;;;;;;;;;;;;;;;
('15.188.186.150'; 'adrien-adam.notaires.fr\n') registrar;MarkMonitor Inc. updated_date;2023-10-31 17;16;04 created_date;2005-08-18 02;10;45 org;None country;None;;;;;;;;;;;;;;;;;;;;;;
('84.246.217.101'; 'adsn.notaires.fr\n') registrar;None updated_date;None created_date;None org;None country;None;;;;;;;;;;;;;;;;;;;;;;;;;;
('52.28.194.11'; 'adsndirect.notaires.fr\n') registrar;MarkMonitor Inc. updated_date;2023-10-31 17;16;04 created_date;2005-08-18 02;10;45 org;None country;None;;;;;;;;;;;;;;;;;;;;;;
('15.188.186.150'; 'agasseau-choisy.notaires.fr\n') registrar;MarkMonitor Inc. updated_date;2023-10-31 17;16;04 created_date;2005-08-18 02;10;45 org;None country;None;;;;;;;;;;;;;;;;;;;;;;
('15.188.186.150'; 'agea-lepellerin.notaires.fr\n') registrar;MarkMonitor Inc. updated_date;2023-10-31 17;16;04 created_date;2005-08-18 02;10;45 org;None country;None;;;;;;;;;;;;;;;;;;;;;;
('15.188.186.150'; 'agostino-audiffred-briancon.notaires.fr\n') registrar;MarkMonitor Inc. updated_date;2023-10-31 17;16;04 created_date;2005-08-18 02;10;45 org;None country;None;;;;;;;;;;;;;;;;;;;;;;
('84.246.219.41'; 'agrasc.notaires.fr\n') registrar;None updated_date;None created_date;None org;None country;None;;;;;;;;;;;;;;;;;;;;;;;;;;
('13.38.170.206'; 'aimeric-stalter.notaires.fr\n') registrar;MarkMonitor Inc. updated_date;2023-10-31 17;16;04 created_date;2005-08-18 02;10;45 org;None country;None;;;;;;;;;;;;;;;;;;;;;;
('91.194.100.169'; 'al.notaires.fr\n') registrar;HOSTEUR SARL updated_date;2023-04-24 09;29;32 created_date;1999-02-06 05;0;00 org;None country;None;;;;;;;;;;;;;;;;;;;;;;
('13.38.170.206'; 'alain-hunault-chateaubriant.notaires.fr\n') registrar;MarkMonitor Inc. updated_date;2023-10-31 17;16;04 created_date;2005-08-18 02;10;45 org;None country;None;;;;;;;;;;;;;;;;;;;;;;
('13.38.170.206'; 'alain-maisonnier.notaires.fr\n') registrar;MarkMonitor Inc. updated_date;2023-10-31 17;16;04 created_date;2005-08-18 02;10;45 org;None country;None;;;;;;;;;;;;;;;;;;;;;;
('15.188.186.150'; 'alarcon-schoepff-gibellin-pasquiersouraud-jolly.notaires.fr\n') registrar;MarkMonitor Inc. updated_date;2023-10-31 17;16;04 created_date;2005-08-18 02;10;45 org;None country;None;;;;;;;;;;;;;;;;;;;;;;
('15.188.186.150'; 'albane-stephanie-colombier-gisors.notaires.fr\n') registrar;MarkMonitor Inc. updated_date;2023-10-31 17;16;04 created_date;2005-08-18 02;10;45 org;None country;None;;;;;;;;;;;;;;;;;;;;;;
('13.38.170.206'; 'alexandra-martinet-micropolis-gap.notaires.fr\n') registrar;MarkMonitor Inc. updated_date;2023-10-31 17;16;04 created_date;2005-08-18 02;10;45 org;None country;None;;;;;;;;;;;;;;;;;;;;;;
('13.38.170.206'; 'alexandre-caluireetcuire.notaires.fr\n') registrar;MarkMonitor Inc. updated_date;2023-10-31 17;16;04 created_date;2005-08-18 02;10;45 org;None country;None;;;;;;;;;;;;;;;;;;;;;;
('5.196.207.219'; 'alexia-amara.notaires.fr\n') registrar;GANDI updated_date;2023-02-08 06;17;03.641428 created_date;2014-02-13 15;58;49 org;None country;None;;;;;;;;;;;;;;;;;;;;;;
('51.91.236.255'; 'algret-held.notaires.fr\n') registrar;OVH; SAS updated_date;2016-01-11 16;44;18 created_date;1998-06-08 04;0;00 org;OVH SAS country;FR;;;;;;;;;;;;;;;;;;;;;
('15.188.186.150'; 'alice-laperche.notaires.fr\n') registrar;MarkMonitor Inc. updated_date;2023-10-31 17;16;04 created_date;2005-08-18 02;10;45 org;None country;None;;;;;;;;;;;;;;;;;;;;;;
('13.38.170.206'; 'alix-chapdelaine-lafertebernard.notaires.fr\n') registrar;MarkMonitor Inc. updated_date;2023-10-31 17;16;04 created_date;2005-08-18 02;10;45 org;None country;None;;;;;;;;;;;;;;;;;;;;;;
('13.38.170.206'; 'allais-ploeren.notaires.fr\n') registrar;MarkMonitor Inc. updated_date;2023-10-31 17;16;04 created_date;2005-08-18 02;10;45 org;None country;None;;;;;;;;;;;;;;;;;;;;;;
('15.188.186.150'; 'allan.notaires.fr\n') registrar;MarkMonitor Inc. updated_date;2023-10-31 17;16;04 created_date;2005-08-18 02;10;45 org;None country;None;;;;;;;;;;;;;;;;;;;;;;
('15.188.186.150'; 'allard.notaires.fr\n') registrar;MarkMonitor Inc. updated_date;2023-10-31 17;16;04 created_date;2005-08-18 02;10;45 org;None country;None;;;;;;;;;;;;;;;;;;;;;;
('15.188.186.150'; 'allot-ranc-dinan.notaires.fr\n') registrar;MarkMonitor Inc. updated_date;2023-10-31 17;16;04 created_date;2005-08-18 02;10;45 org;None country;None;;;;;;;;;;;;;;;;;;;;;;
('13.38.170.206'; 'altanot.notaires.fr\n') registrar;MarkMonitor Inc. updated_date;2023-10-31 17;16;04 created_date;2005-08-18 02;10;45 org;None country;None;;;;;;;;;;;;;;;;;;;;;;
('15.188.186.150'; 'amalvy-maussanelesalpilles.notaires.fr\n') registrar;MarkMonitor Inc. updated_date;2023-10-31 17;16;04 created_date;2005-08-18 02;10;45 org;None country;None;;;;;;;;;;;;;;;;;;;;;;
('13.38.170.206'; 'amand-darney.notaires.fr\n') registrar;MarkMonitor Inc. updated_date;2023-10-31 17;16;04 created_date;2005-08-18 02;10;45 org;None country;None;;;;;;;;;;;;;;;;;;;;;;
('13.38.170.206'; 'amboise-notaires.notaires.fr\n') registrar;MarkMonitor Inc. updated_date;2023-10-31 17;16;04 created_date;2005-08-18 02;10;45 org;None country;None;;;;;;;;;;;;;;;;;;;;;;
('15.188.186.150'; 'ambrosi-chateaudun.notaires.fr\n') registrar;MarkMonitor Inc. updated_date;2023-10-31 17;16;04 created_date;2005-08-18 02;10;45 org;None country;None;;;;;;;;;;;;;;;;;;;;;;
('13.38.170.206'; 'amcdnotaires.notaires.fr\n') registrar;MarkMonitor Inc. updated_date;2023-10-31 17;16;04 created_date;2005-08-18 02;10;45 org;None country;None;;;;;;;;;;;;;;;;;;;;;;
('15.188.186.150'; 'amigues-calderon.notaires.fr\n') registrar;MarkMonitor Inc. updated_date;2023-10-31 17;16;04 created_date;2005-08-18 02;10;45 org;None country;None;;;;;;;;;;;;;;;;;;;;;;
('13.38.170.206'; 'amsellam-zaoui-jonage.notaires.fr\n') registrar;MarkMonitor Inc. updated_date;2023-10-31 17;16;04 created_date;2005-08-18 02;10;45 org;None country;None;;;;;;;;;;;;;;;;;;;;;;
('188.165.61.82'; 'anc.notaires.fr\n') registrar;OVH; SAS updated_date;2016-01-11 16;44;18 created_date;1998-06-08 04;0;00 org;OVH SAS country;FR;;;;;;;;;;;;;;;;;;;;;
('15.188.186.150'; 'ancel-canioni-ebreuil.notaires.fr\n') registrar;MarkMonitor Inc. updated_date;2023-10-31 17;16;04 created_date;2005-08-18 02;10;45 org;None country;None;;;;;;;;;;;;;;;;;;;;;;
('13.38.170.206'; 'andre.notaires.fr\n') registrar;MarkMonitor Inc. updated_date;2023-10-31 17;16;04 created_date;2005-08-18 02;10;45 org;None country;None;;;;;;;;;;;;;;;;;;;;;;
('15.188.186.150'; 'andre-branellec.notaires.fr\n') registrar;MarkMonitor Inc. updated_date;2023-10-31 17;16;04 created_date;2005-08-18 02;10;45 org;None country;None;;;;;;;;;;;;;;;;;;;;;;
('15.188.186.150'; 'andreu-gisors.notaires.fr\n') registrar;MarkMonitor Inc. updated_date;2023-10-31 17;16;04 created_date;2005-08-18 02;10;45 org;None country;None;;;;;;;;;;;;;;;;;;;;;;
('15.188.186.150'; 'andre-viciana.notaires.fr\n') registrar;MarkMonitor Inc. updated_date;2023-10-31 17;16;04 created_date;2005-08-18 02;10;45 org;None country;None;;;;;;;;;;;;;;;;;;;;;;
('13.38.170.206'; 'andries-delecroix.notaires.fr\n') registrar;MarkMonitor Inc. updated_date;2023-10-31 17;16;04 created_date;2005-08-18 02;10;45 org;None country;None;;;;;;;;;;;;;;;;;;;;;;
('5.196.207.219'; 'andrieu.notaires.fr\n') registrar;GANDI updated_date;2023-02-08 06;17;03.641428 created_date;2014-02-13 15;58;49 org;None country;None;;;;;;;;;;;;;;;;;;;;;;
('5.196.207.219'; 'andrieuetassocie-biarritz.notaires.fr\n') registrar;GANDI updated_date;2023-02-08 06;17;03.641428 created_date;2014-02-13 15;58;49 org;None country;None;;;;;;;;;;;;;;;;;;;;;;
('13.38.170.206'; 'angele-mariotti.notaires.fr\n') registrar;MarkMonitor Inc. updated_date;2023-10-31 17;16;04 created_date;2005-08-18 02;10;45 org;None country;None;;;;;;;;;;;;;;;;;;;;;;
('13.38.170.206'; 'angeliquelefebvretacconi-caudry.notaires.fr\n') registrar;MarkMonitor Inc. updated_date;2023-10-31 17;16;04 created_date;2005-08-18 02;10;45 org;None country;None;;;;;;;;;;;;;;;;;;;;;;
('15.188.186.150'; 'angeli-thoissey.notaires.fr\n') registrar;MarkMonitor Inc. updated_date;2023-10-31 17;16;04 created_date;2005-08-18 02;10;45 org;None country;None;;;;;;;;;;;;;;;;;;;;;;
('15.188.186.150'; 'anglada-louault.notaires.fr\n') registrar;MarkMonitor Inc. updated_date;2023-10-31 17;16;04 created_date;2005-08-18 02;10;45 org;None country;None;;;;;;;;;;;;;;;;;;;;;;
('15.188.186.150'; 'anglade.notaires.fr\n') registrar;MarkMonitor Inc. updated_date;2023-10-31 17;16;04 created_date;2005-08-18 02;10;45 org;None country;None;;;;;;;;;;;;;;;;;;;;;;
('15.188.186.150'; 'anglesio-saintdie.notaires.fr\n') registrar;MarkMonitor Inc. updated_date;2023-10-31 17;16;04 created_date;2005-08-18 02;10;45 org;None country;None;;;;;;;;;;;;;;;;;;;;;;
('13.38.170.206'; 'angot-associes.notaires.fr\n') registrar;MarkMonitor Inc. updated_date;2023-10-31 17;16;04 created_date;2005-08-18 02;10;45 org;None country;None;;;;;;;;;;;;;;;;;;;;;;
('13.38.170.206'; 'annaig-souplet.notaires.fr\n') registrar;MarkMonitor Inc. updated_date;2023-10-31 17;16;04 created_date;2005-08-18 02;10;45 org;None country;None;;;;;;;;;;;;;;;;;;;;;;
('15.188.186.150'; 'anne-brient.notaires.fr\n') registrar;MarkMonitor Inc. updated_date;2023-10-31 17;16;04 created_date;2005-08-18 02;10;45 org;None country;None;;;;;;;;;;;;;;;;;;;;;;
('15.188.186.150'; 'anne-demarais.notaires.fr\n') registrar;MarkMonitor Inc. updated_date;2023-10-31 17;16;04 created_date;2005-08-18 02;10;45 org;None country;None;;;;;;;;;;;;;;;;;;;;;;
('15.188.186.150'; 'annereau-hummel-leininger.notaires.fr\n') registrar;MarkMonitor Inc. updated_date;2023-10-31 17;16;04 created_date;2005-08-18 02;10;45 org;None country;None;;;;;;;;;;;;;;;;;;;;;;
('5.196.207.219'; 'annet-sur-marne-dubreuil.notaires.fr\n') registrar;GANDI updated_date;2023-02-08 06;17;03.641428 created_date;2014-02-13 15;58;49 org;None country;None;;;;;;;;;;;;;;;;;;;;;;
('13.38.170.206'; 'annewadoux-berck.notaires.fr\n') registrar;MarkMonitor Inc. updated_date;2023-10-31 17;16;04 created_date;2005-08-18 02;10;45 org;None country;None;;;;;;;;;;;;;;;;;;;;;;
('13.38.170.206'; 'antoine-combe-chateaubriant.notaires.fr\n') registrar;MarkMonitor Inc. updated_date;2023-10-31 17;16;04 created_date;2005-08-18 02;10;45 org;None country;None;;;;;;;;;;;;;;;;;;;;;;
('15.188.186.150'; 'antoinedermaux-perenchies.notaires.fr\n') registrar;MarkMonitor Inc. updated_date;2023-10-31 17;16;04 created_date;2005-08-18 02;10;45 org;None country;None;;;;;;;;;;;;;;;;;;;;;;
('13.38.170.206'; 'antoine-domlemesnil.notaires.fr\n') registrar;MarkMonitor Inc. updated_date;2023-10-31 17;16;04 created_date;2005-08-18 02;10;45 org;None country;None;;;;;;;;;;;;;;;;;;;;;;
('176.34.226.155'; 'antoine-jammet.notaires.fr\n') registrar;MarkMonitor Inc. updated_date;2023-10-31 17;16;04 created_date;2005-08-18 02;10;45 org;None country;None;;;;;;;;;;;;;;;;;;;;;;
('15.188.186.150'; 'antoine-ludres.notaires.fr\n') registrar;MarkMonitor Inc. updated_date;2023-10-31 17;16;04 created_date;2005-08-18 02;10;45 org;None country;None;;;;;;;;;;;;;;;;;;;;;;
('15.188.186.150'; 'antoine-rodrigues-annecy.notaires.fr\n') registrar;MarkMonitor Inc. updated_date;2023-10-31 17;16;04 created_date;2005-08-18 02;10;45 org;None country;None;;;;;;;;;;;;;;;;;;;;;;
('13.38.170.206'; 'antonin-ghannad-provins.notaires.fr\n') registrar;MarkMonitor Inc. updated_date;2023-10-31 17;16;04 created_date;2005-08-18 02;10;45 org;None country;None;;;;;;;;;;;;;;;;;;;;;;
('45.223.145.99'; 'api.notaires.fr\n') registrar;None updated_date;None created_date;None org;None country;None;;;;;;;;;;;;;;;;;;;;;;;;;;
('217.174.203.14'; 'api-contact.notaires.fr\n') registrar;None updated_date;None created_date;None org;None country;None;;;;;;;;;;;;;;;;;;;;;;;;;;
('46.105.115.189'; 'appli-adsn.fr\n') registrar;FRENCH CONNEXION updated_date;2022-11-03 14;41;57.097651 created_date;2004-08-04 22;0;00 org;None country;None;;;;;;;;;;;;;;;;;;;;;;
('13.38.170.206'; 'arcangeli-zerr-montbeliard.notaires.fr\n') registrar;MarkMonitor Inc. updated_date;2023-10-31 17;16;04 created_date;2005-08-18 02;10;45 org;None country;None;;;;;;;;;;;;;;;;;;;;;;
('13.38.170.206'; 'ardiet-bernay.notaires.fr\n') registrar;MarkMonitor Inc. updated_date;2023-10-31 17;16;04 created_date;2005-08-18 02;10;45 org;None country;None;;;;;;;;;;;;;;;;;;;;;;
('13.38.170.206'; 'ardiet-grandpierre.notaires.fr\n') registrar;MarkMonitor Inc. updated_date;2023-10-31 17;16;04 created_date;2005-08-18 02;10;45 org;None country;None;;;;;;;;;;;;;;;;;;;;;;
('13.38.170.206'; 'arfi-sylvain-sarrau-bron.notaires.fr\n') registrar;MarkMonitor Inc. updated_date;2023-10-31 17;16;04 created_date;2005-08-18 02;10;45 org;None country;None;;;;;;;;;;;;;;;;;;;;;;
('13.38.170.206'; 'argoeuves-soudain.notaires.fr\n') registrar;MarkMonitor Inc. updated_date;2023-10-31 17;16;04 created_date;2005-08-18 02;10;45 org;None country;None;;;;;;;;;;;;;;;;;;;;;;
('15.188.186.150'; 'arietti-montbonnot.notaires.fr\n') registrar;MarkMonitor Inc. updated_date;2023-10-31 17;16;04 created_date;2005-08-18 02;10;45 org;None country;None;;;;;;;;;;;;;;;;;;;;;;
('15.188.186.150'; 'arles-thierry-maire.notaires.fr\n') registrar;MarkMonitor Inc. updated_date;2023-10-31 17;16;04 created_date;2005-08-18 02;10;45 org;None country;None;;;;;;;;;;;;;;;;;;;;;;
('13.38.170.206'; 'armanet-gambiez-champagne-mont-dor.notaires.fr\n') registrar;MarkMonitor Inc. updated_date;2023-10-31 17;16;04 created_date;2005-08-18 02;10;45 org;None country;None;;;;;;;;;;;;;;;;;;;;;;
('15.188.186.150'; 'armbruster-prenat-nancy.notaires.fr\n') registrar;MarkMonitor Inc. updated_date;2023-10-31 17;16;04 created_date;2005-08-18 02;10;45 org;None country;None;;;;;;;;;;;;;;;;;;;;;;
('5.196.207.219'; 'arnal.notaires.fr\n') registrar;GANDI updated_date;2023-02-08 06;17;03.641428 created_date;2014-02-13 15;58;49 org;None country;None;;;;;;;;;;;;;;;;;;;;;;
('128.65.195.78'; 'arnaud.notaires.fr\n') registrar;None updated_date;None created_date;None org;None country;None;;;;;;;;;;;;;;;;;;;;;;;;;;
('13.38.170.206'; 'arnaud-camus-notaire-thouare.notaires.fr\n') registrar;MarkMonitor Inc. updated_date;2023-10-31 17;16;04 created_date;2005-08-18 02;10;45 org;None country;None;;;;;;;;;;;;;;;;;;;;;;
('13.38.170.206'; 'arnaud-guidez-noyon.notaires.fr\n') registrar;MarkMonitor Inc. updated_date;2023-10-31 17;16;04 created_date;2005-08-18 02;10;45 org;None country;None;;;;;;;;;;;;;;;;;;;;;;
('13.38.170.206'; 'arnaud-marcucci-delaroque-dionisio-saint-chaptes.notaires.fr\n') registrar;MarkMonitor Inc. updated_date;2023-10-31 17;16;04 created_date;2005-08-18 02;10;45 org;None country;None;;;;;;;;;;;;;;;;;;;;;;
('13.38.170.206'; 'arnault-merle-pontailler-sur-saone.notaires.fr\n') registrar;MarkMonitor Inc. updated_date;2023-10-31 17;16;04 created_date;2005-08-18 02;10;45 org;None country;None;;;;;;;;;;;;;;;;;;;;;;
('15.188.186.150'; 'arnould-frantz-le-thillot.notaires.fr\n') registrar;MarkMonitor Inc. updated_date;2023-10-31 17;16;04 created_date;2005-08-18 02;10;45 org;None country;None;;;;;;;;;;;;;;;;;;;;;;
('15.188.186.150'; 'arnoux-cappelaere-aixenprovence.notaires.fr\n') registrar;MarkMonitor Inc. updated_date;2023-10-31 17;16;04 created_date;2005-08-18 02;10;45 org;None country;None;;;;;;;;;;;;;;;;;;;;;;
('15.188.186.150'; 'arquembourg.notaires.fr\n') registrar;MarkMonitor Inc. updated_date;2023-10-31 17;16;04 created_date;2005-08-18 02;10;45 org;None country;None;;;;;;;;;;;;;;;;;;;;;;
('13.38.170.206'; 'artis.notaires.fr\n') registrar;MarkMonitor Inc. updated_date;2023-10-31 17;16;04 created_date;2005-08-18 02;10;45 org;None country;None;;;;;;;;;;;;;;;;;;;;;;
('213.186.33.5'; 'asselin-labry-beynes.notaires.fr\n') registrar;OVH; SAS updated_date;2016-01-11 16;44;18 created_date;1998-06-08 04;0;00 org;OVH SAS country;FR;;;;;;;;;;;;;;;;;;;;;
('13.38.170.206'; 'assemat-lederac-viallaneix-baby-pamiers.notaires.fr\n') registrar;MarkMonitor Inc. updated_date;2023-10-31 17;16;04 created_date;2005-08-18 02;10;45 org;None country;None;;;;;;;;;;;;;;;;;;;;;;
('13.38.170.206'; 'ast-carcelle-chateau-thierry.notaires.fr\n') registrar;MarkMonitor Inc. updated_date;2023-10-31 17;16;04 created_date;2005-08-18 02;10;45 org;None country;None;;;;;;;;;;;;;;;;;;;;;;
('15.188.186.150'; 'athenoux-charles-brignoles.notaires.fr\n') registrar;MarkMonitor Inc. updated_date;2023-10-31 17;16;04 created_date;2005-08-18 02;10;45 org;None country;None;;;;;;;;;;;;;;;;;;;;;;
('5.196.207.219'; 'atlantique-consultants.notaires.fr\n') registrar;GANDI updated_date;2023-02-08 06;17;03.641428 created_date;2014-02-13 15;58;49 org;None country;None;;;;;;;;;;;;;;;;;;;;;;
('15.188.186.150'; 'atzemis-vercoustre-martinat-limoges.notaires.fr\n') registrar;MarkMonitor Inc. updated_date;2023-10-31 17;16;04 created_date;2005-08-18 02;10;45 org;None country;None;;;;;;;;;;;;;;;;;;;;;;
('15.188.186.150'; 'aubert-aubenas.notaires.fr\n') registrar;MarkMonitor Inc. updated_date;2023-10-31 17;16;04 created_date;2005-08-18 02;10;45 org;None country;None;;;;;;;;;;;;;;;;;;;;;;
('15.188.186.150'; 'aubin-lombardo-favreverand.notaires.fr\n') registrar;MarkMonitor Inc. updated_date;2023-10-31 17;16;04 created_date;2005-08-18 02;10;45 org;None country;None;;;;;;;;;;;;;;;;;;;;;;
('13.38.170.206'; 'aubree.notaires.fr\n') registrar;MarkMonitor Inc. updated_date;2023-10-31 17;16;04 created_date;2005-08-18 02;10;45 org;None country;None;;;;;;;;;;;;;;;;;;;;;;
('15.188.186.150'; 'aubry-flaus-vangi-tullins.notaires.fr\n') registrar;MarkMonitor Inc. updated_date;2023-10-31 17;16;04 created_date;2005-08-18 02;10;45 org;None country;None;;;;;;;;;;;;;;;;;;;;;;
('13.38.170.206'; 'aubry-marais-rabeyrolles-attey-delpierre-moutiers.notaires.fr\n') registrar;MarkMonitor Inc. updated_date;2023-10-31 17;16;04 created_date;2005-08-18 02;10;45 org;None country;None;;;;;;;;;;;;;;;;;;;;;;
('13.38.170.206'; 'aubry-picard-melun.notaires.fr\n') registrar;MarkMonitor Inc. updated_date;2023-10-31 17;16;04 created_date;2005-08-18 02;10;45 org;None country;None;;;;;;;;;;;;;;;;;;;;;;
('15.188.186.150'; 'aucoeur-belleville.notaires.fr\n') registrar;MarkMonitor Inc. updated_date;2023-10-31 17;16;04 created_date;2005-08-18 02;10;45 org;None country;None;;;;;;;;;;;;;;;;;;;;;;
('15.188.186.150'; 'aude-colombo-authenticis.notaires.fr\n') registrar;MarkMonitor Inc. updated_date;2023-10-31 17;16;04 created_date;2005-08-18 02;10;45 org;None country;None;;;;;;;;;;;;;;;;;;;;;;
('13.38.170.206'; 'augarde-puymirol.notaires.fr\n') registrar;MarkMonitor Inc. updated_date;2023-10-31 17;16;04 created_date;2005-08-18 02;10;45 org;None country;None;;;;;;;;;;;;;;;;;;;;;;
('13.38.170.206'; 'auger-foucarmont76.notaires.fr\n') registrar;MarkMonitor Inc. updated_date;2023-10-31 17;16;04 created_date;2005-08-18 02;10;45 org;None country;None;;;;;;;;;;;;;;;;;;;;;;
('13.38.170.206'; 'augris-courtin.notaires.fr\n') registrar;MarkMonitor Inc. updated_date;2023-10-31 17;16;04 created_date;2005-08-18 02;10;45 org;None country;None;;;;;;;;;;;;;;;;;;;;;;
('5.196.207.219'; 'augu-bourles-matyja-vannes.notaires.fr\n') registrar;GANDI updated_date;2023-02-08 06;17;03.641428 created_date;2014-02-13 15;58;49 org;None country;None;;;;;;;;;;;;;;;;;;;;;;
('15.188.186.150'; 'aujay-soulat-hillion-delfaud-poissy.notaires.fr\n') registrar;MarkMonitor Inc. updated_date;2023-10-31 17;16;04 created_date;2005-08-18 02;10;45 org;None country;None;;;;;;;;;;;;;;;;;;;;;;
('13.38.170.206'; 'aureliebracq-cambrai.notaires.fr\n') registrar;MarkMonitor Inc. updated_date;2023-10-31 17;16;04 created_date;2005-08-18 02;10;45 org;None country;None;;;;;;;;;;;;;;;;;;;;;;
('15.188.186.150'; 'aurelie-molinier-gradignan.notaires.fr\n') registrar;MarkMonitor Inc. updated_date;2023-10-31 17;16;04 created_date;2005-08-18 02;10;45 org;None country;None;;;;;;;;;;;;;;;;;;;;;;
('13.38.170.206'; 'aurelien-sirven-anglet.notaires.fr\n') registrar;MarkMonitor Inc. updated_date;2023-10-31 17;16;04 created_date;2005-08-18 02;10;45 org;None country;None;;;;;;;;;;;;;;;;;;;;;;
('15.188.186.150'; 'auriol-mazet-pezenas.notaires.fr\n') registrar;MarkMonitor Inc. updated_date;2023-10-31 17;16;04 created_date;2005-08-18 02;10;45 org;None country;None;;;;;;;;;;;;;;;;;;;;;;
('15.188.186.150'; 'autard-lambert-chateaurenard-provence.notaires.fr\n') registrar;MarkMonitor Inc. updated_date;2023-10-31 17;16;04 created_date;2005-08-18 02;10;45 org;None country;None;;;;;;;;;;;;;;;;;;;;;;
('15.188.186.150'; 'autenzio-cachan-94.notaires.fr\n') registrar;MarkMonitor Inc. updated_date;2023-10-31 17;16;04 created_date;2005-08-18 02;10;45 org;None country;None;;;;;;;;;;;;;;;;;;;;;;
('15.188.186.150'; 'authie-seissan.notaires.fr\n') registrar;MarkMonitor Inc. updated_date;2023-10-31 17;16;04 created_date;2005-08-18 02;10;45 org;None country;None;;;;;;;;;;;;;;;;;;;;;;
('13.38.170.206'; 'avezou-panaye-grauduroi.notaires.fr\n') registrar;MarkMonitor Inc. updated_date;2023-10-31 17;16;04 created_date;2005-08-18 02;10;45 org;None country;None;;;;;;;;;;;;;;;;;;;;;;
('15.188.186.150'; 'avrard-nastorg-monneau.notaires.fr\n') registrar;MarkMonitor Inc. updated_date;2023-10-31 17;16;04 created_date;2005-08-18 02;10;45 org;None country;None;;;;;;;;;;;;;;;;;;;;;;
('15.188.186.150'; 'avril-saint-remy-de-provence.notaires.fr\n') registrar;MarkMonitor Inc. updated_date;2023-10-31 17;16;04 created_date;2005-08-18 02;10;45 org;None country;None;;;;;;;;;;;;;;;;;;;;;;
('13.38.170.206'; 'aziza-ivry.notaires.fr\n') registrar;MarkMonitor Inc. updated_date;2023-10-31 17;16;04 created_date;2005-08-18 02;10;45 org;None country;None;;;;;;;;;;;;;;;;;;;;;;
('13.38.170.206'; 'azoulay-rillieux-la-pape.notaires.fr\n') registrar;MarkMonitor Inc. updated_date;2023-10-31 17;16;04 created_date;2005-08-18 02;10;45 org;None country;None;;;;;;;;;;;;;;;;;;;;;;
('15.188.186.150'; 'babey-dossantos.notaires.fr\n') registrar;MarkMonitor Inc. updated_date;2023-10-31 17;16;04 created_date;2005-08-18 02;10;45 org;None country;None;;;;;;;;;;;;;;;;;;;;;;
('15.188.186.150'; 'babuchon-saint-palais-sur-mer.notaires.fr\n') registrar;MarkMonitor Inc. updated_date;2023-10-31 17;16;04 created_date;2005-08-18 02;10;45 org;None country;None;;;;;;;;;;;;;;;;;;;;;;
('15.188.186.150'; 'bachala-girot.notaires.fr\n') registrar;MarkMonitor Inc. updated_date;2023-10-31 17;16;04 created_date;2005-08-18 02;10;45 org;None country;None;;;;;;;;;;;;;;;;;;;;;;
('15.188.186.150'; 'badi-boisguillaume.notaires.fr\n') registrar;MarkMonitor Inc. updated_date;2023-10-31 17;16;04 created_date;2005-08-18 02;10;45 org;None country;None;;;;;;;;;;;;;;;;;;;;;;
('13.38.170.206'; 'baert-cormeilles-moyaux.notaires.fr\n') registrar;MarkMonitor Inc. updated_date;2023-10-31 17;16;04 created_date;2005-08-18 02;10;45 org;None country;None;;;;;;;;;;;;;;;;;;;;;;
('13.38.170.206'; 'bagarry-clichy.notaires.fr\n') registrar;MarkMonitor Inc. updated_date;2023-10-31 17;16;04 created_date;2005-08-18 02;10;45 org;None country;None;;;;;;;;;;;;;;;;;;;;;;
('13.38.170.206'; 'bagnouls-joue-pagnon.notaires.fr\n') registrar;MarkMonitor Inc. updated_date;2023-10-31 17;16;04 created_date;2005-08-18 02;10;45 org;None country;None;;;;;;;;;;;;;;;;;;;;;;
('15.188.186.150'; 'baillet-belloy.notaires.fr\n') registrar;MarkMonitor Inc. updated_date;2023-10-31 17;16;04 created_date;2005-08-18 02;10;45 org;None country;None;;;;;;;;;;;;;;;;;;;;;;
('15.188.186.150'; 'baillet-leon-dupin-chabanais.notaires.fr\n') registrar;MarkMonitor Inc. updated_date;2023-10-31 17;16;04 created_date;2005-08-18 02;10;45 org;None country;None;;;;;;;;;;;;;;;;;;;;;;
('15.188.186.150'; 'bailleux-chateauthierry.notaires.fr\n') registrar;MarkMonitor Inc. updated_date;2023-10-31 17;16;04 created_date;2005-08-18 02;10;45 org;None country;None;;;;;;;;;;;;;;;;;;;;;;
('13.38.170.206'; 'bailly-brissetprevost.notaires.fr\n') registrar;MarkMonitor Inc. updated_date;2023-10-31 17;16;04 created_date;2005-08-18 02;10;45 org;None country;None;;;;;;;;;;;;;;;;;;;;;;
('15.188.186.150'; 'bailly-declerck-merville.notaires.fr\n') registrar;MarkMonitor Inc. updated_date;2023-10-31 17;16;04 created_date;2005-08-18 02;10;45 org;None country;None;;;;;;;;;;;;;;;;;;;;;;
('15.188.186.150'; 'baldiati-chaville-marche.notaires.fr\n') registrar;MarkMonitor Inc. updated_date;2023-10-31 17;16;04 created_date;2005-08-18 02;10;45 org;None country;None;;;;;;;;;;;;;;;;;;;;;;
('185.221.236.67'; 'ballade.real.notaires.fr\n') registrar;None updated_date;None created_date;None org;None country;None;;;;;;;;;;;;;;;;;;;;;;;;;;
('15.188.186.150'; 'ballaloud-levanti-faverges.notaires.fr\n') registrar;MarkMonitor Inc. updated_date;2023-10-31 17;16;04 created_date;2005-08-18 02;10;45 org;None country;None;;;;;;;;;;;;;;;;;;;;;;
('15.188.186.150'; 'bancal-leclerc-bonetto-roujan.notaires.fr\n') registrar;MarkMonitor Inc. updated_date;2023-10-31 17;16;04 created_date;2005-08-18 02;10;45 org;None country;None;;;;;;;;;;;;;;;;;;;;;;
('51.255.213.231'; 'bani-challes-les-eaux.notaires.fr\n') registrar;None updated_date;None created_date;None org;None country;None;;;;;;;;;;;;;;;;;;;;;;;;;;
('15.188.186.150'; 'banq-pelloux-prayer-bonnette-nimes.notaires.fr\n') registrar;MarkMonitor Inc. updated_date;2023-10-31 17;16;04 created_date;2005-08-18 02;10;45 org;None country;None;;;;;;;;;;;;;;;;;;;;;;
('13.38.170.206'; 'bantegny-reverchon-cochet.notaires.fr\n') registrar;MarkMonitor Inc. updated_date;2023-10-31 17;16;04 created_date;2005-08-18 02;10;45 org;None country;None;;;;;;;;;;;;;;;;;;;;;;
('15.188.186.150'; 'barabotti-villefranchesurmer.notaires.fr\n') registrar;MarkMonitor Inc. updated_date;2023-10-31 17;16;04 created_date;2005-08-18 02;10;45 org;None country;None;;;;;;;;;;;;;;;;;;;;;;
('13.38.170.206'; 'barbier-bondues.notaires.fr\n') registrar;MarkMonitor Inc. updated_date;2023-10-31 17;16;04 created_date;2005-08-18 02;10;45 org;None country;None;;;;;;;;;;;;;;;;;;;;;;
('15.188.186.150'; 'barbier-fougeres.notaires.fr\n') registrar;MarkMonitor Inc. updated_date;2023-10-31 17;16;04 created_date;2005-08-18 02;10;45 org;None country;None;;;;;;;;;;;;;;;;;;;;;;
('51.91.131.129'; 'barbieri-chamonix.notaires.fr\n') registrar;OVH updated_date;2023-10-31 23;6;06.113226 created_date;1998-07-22 22;0;00 org;None country;None;;;;;;;;;;;;;;;;;;;;;;
('13.38.170.206'; 'barb-martin.notaires.fr\n') registrar;MarkMonitor Inc. updated_date;2023-10-31 17;16;04 created_date;2005-08-18 02;10;45 org;None country;None;;;;;;;;;;;;;;;;;;;;;;
('13.38.170.206'; 'barde-debailliencourt-richard-janin-lyon.notaires.fr\n') registrar;MarkMonitor Inc. updated_date;2023-10-31 17;16;04 created_date;2005-08-18 02;10;45 org;None country;None;;;;;;;;;;;;;;;;;;;;;;
('13.38.170.206'; 'bardot-ferrage-rousseau.notaires.fr\n') registrar;MarkMonitor Inc. updated_date;2023-10-31 17;16;04 created_date;2005-08-18 02;10;45 org;None country;None;;;;;;;;;;;;;;;;;;;;;;
('13.38.170.206'; 'barenton-guingamp.notaires.fr\n') registrar;MarkMonitor Inc. updated_date;2023-10-31 17;16;04 created_date;2005-08-18 02;10;45 org;None country;None;;;;;;;;;;;;;;;;;;;;;;
('15.188.186.150'; 'baron-galgon.notaires.fr\n') registrar;MarkMonitor Inc. updated_date;2023-10-31 17;16;04 created_date;2005-08-18 02;10;45 org;None country;None;;;;;;;;;;;;;;;;;;;;;;
('15.188.186.150'; 'baron-huitel-loudeac.notaires.fr\n') registrar;MarkMonitor Inc. updated_date;2023-10-31 17;16;04 created_date;2005-08-18 02;10;45 org;None country;None;;;;;;;;;;;;;;;;;;;;;;
('13.38.170.206'; 'barq-debierre-fay-de-bretagne.notaires.fr\n') registrar;MarkMonitor Inc. updated_date;2023-10-31 17;16;04 created_date;2005-08-18 02;10;45 org;None country;None;;;;;;;;;;;;;;;;;;;;;;
('51.91.236.255'; 'barre-faure43lepuy.notaires.fr\n') registrar;OVH; SAS updated_date;2016-01-11 16;44;18 created_date;1998-06-08 04;0;00 org;OVH SAS country;FR;;;;;;;;;;;;;;;;;;;;;
('13.38.170.206'; 'barros-marines-val-oise.notaires.fr\n') registrar;MarkMonitor Inc. updated_date;2023-10-31 17;16;04 created_date;2005-08-18 02;10;45 org;None country;None;;;;;;;;;;;;;;;;;;;;;;
('15.188.186.150'; 'barthalot-lemeur-nice.notaires.fr\n') registrar;MarkMonitor Inc. updated_date;2023-10-31 17;16;04 created_date;2005-08-18 02;10;45 org;None country;None;;;;;;;;;;;;;;;;;;;;;;
('15.188.186.150'; 'barthelet-bertoni-olmo-guillarme.notaires.fr\n') registrar;MarkMonitor Inc. updated_date;2023-10-31 17;16;04 created_date;2005-08-18 02;10;45 org;None country;None;;;;;;;;;;;;;;;;;;;;;;
('13.38.170.206'; 'barthen-ruiz-vandel.notaires.fr\n') registrar;MarkMonitor Inc. updated_date;2023-10-31 17;16;04 created_date;2005-08-18 02;10;45 org;None country;None;;;;;;;;;;;;;;;;;;;;;;
('13.38.170.206'; 'basle-verriez-fougeres.notaires.fr\n') registrar;MarkMonitor Inc. updated_date;2023-10-31 17;16;04 created_date;2005-08-18 02;10;45 org;None country;None;;;;;;;;;;;;;;;;;;;;;;
('13.38.170.206'; 'basselerie-biarritz.notaires.fr\n') registrar;MarkMonitor Inc. updated_date;2023-10-31 17;16;04 created_date;2005-08-18 02;10;45 org;None country;None;;;;;;;;;;;;;;;;;;;;;;
('15.188.186.150'; 'bataille-villerupt.notaires.fr\n') registrar;MarkMonitor Inc. updated_date;2023-10-31 17;16;04 created_date;2005-08-18 02;10;45 org;None country;None;;;;;;;;;;;;;;;;;;;;;;
('15.188.186.150'; 'bauchet-trussart-melin-epernay.notaires.fr\n') registrar;MarkMonitor Inc. updated_date;2023-10-31 17;16;04 created_date;2005-08-18 02;10;45 org;None country;None;;;;;;;;;;;;;;;;;;;;;;
('13.38.170.206'; 'baud-chirpaz-lesabrets-saintgeoireenvaldaine.notaires.fr\n') registrar;MarkMonitor Inc. updated_date;2023-10-31 17;16;04 created_date;2005-08-18 02;10;45 org;None country;None;;;;;;;;;;;;;;;;;;;;;;
('15.188.186.150'; 'baudelet-hayange.notaires.fr\n') registrar;MarkMonitor Inc. updated_date;2023-10-31 17;16;04 created_date;2005-08-18 02;10;45 org;None country;None;;;;;;;;;;;;;;;;;;;;;;
('54.36.220.83'; 'baudhuin-marquette-lez-lille.notaires.fr\n') registrar;OVH; SAS updated_date;2024-01-04 12;20;11 created_date;2005-01-17 08;58;18 org;MEDIALIBS country;FR;;;;;;;;;;;;;;;;;;;;;
('13.38.170.206'; 'baudoin-malric.notaires.fr\n') registrar;MarkMonitor Inc. updated_date;2023-10-31 17;16;04 created_date;2005-08-18 02;10;45 org;None country;None;;;;;;;;;;;;;;;;;;;;;;
('15.188.186.150'; 'baudrillard-chauny.notaires.fr\n') registrar;MarkMonitor Inc. updated_date;2023-10-31 17;16;04 created_date;2005-08-18 02;10;45 org;None country;None;;;;;;;;;;;;;;;;;;;;;;
('13.38.170.206'; 'bauer-mendel-wittenheim.notaires.fr\n') registrar;MarkMonitor Inc. updated_date;2023-10-31 17;16;04 created_date;2005-08-18 02;10;45 org;None country;None;;;;;;;;;;;;;;;;;;;;;;
('15.188.186.150'; 'baut-salichon.notaires.fr\n') registrar;MarkMonitor Inc. updated_date;2023-10-31 17;16;04 created_date;2005-08-18 02;10;45 org;None country;None;;;;;;;;;;;;;;;;;;;;;;
('15.188.186.150'; 'baviere.notaires.fr\n') registrar;MarkMonitor Inc. updated_date;2023-10-31 17;16;04 created_date;2005-08-18 02;10;45 org;None country;None;;;;;;;;;;;;;;;;;;;;;;
('15.188.186.150'; 'bavoux-bletterans.notaires.fr\n') registrar;MarkMonitor Inc. updated_date;2023-10-31 17;16;04 created_date;2005-08-18 02;10;45 org;None country;None;;;;;;;;;;;;;;;;;;;;;;
('46.105.204.26'; 'bazaille-associes.notaires.fr\n') registrar;OVH; SAS updated_date;2016-01-11 16;44;18 created_date;1998-06-08 04;0;00 org;OVH SAS country;FR;;;;;;;;;;;;;;;;;;;;;
('13.38.170.206'; 'beauchais-argenteuil.notaires.fr\n') registrar;MarkMonitor Inc. updated_date;2023-10-31 17;16;04 created_date;2005-08-18 02;10;45 org;None country;None;;;;;;;;;;;;;;;;;;;;;;
('15.188.186.150'; 'beauchef.notaires.fr\n') registrar;MarkMonitor Inc. updated_date;2023-10-31 17;16;04 created_date;2005-08-18 02;10;45 org;None country;None;;;;;;;;;;;;;;;;;;;;;;
('13.38.170.206'; 'beauperin-orvault.notaires.fr\n') registrar;MarkMonitor Inc. updated_date;2023-10-31 17;16;04 created_date;2005-08-18 02;10;45 org;None country;None;;;;;;;;;;;;;;;;;;;;;;
('15.188.186.150'; 'bechmann.notaires.fr\n') registrar;MarkMonitor Inc. updated_date;2023-10-31 17;16;04 created_date;2005-08-18 02;10;45 org;None country;None;;;;;;;;;;;;;;;;;;;;;;
('15.188.186.150'; 'bedel-bonjean-muffat-bourgoinjallieu.notaires.fr\n') registrar;MarkMonitor Inc. updated_date;2023-10-31 17;16;04 created_date;2005-08-18 02;10;45 org;None country;None;;;;;;;;;;;;;;;;;;;;;;
('13.38.170.206'; 'bediez-vanco-dehaye-tourcoing.notaires.fr\n') registrar;MarkMonitor Inc. updated_date;2023-10-31 17;16;04 created_date;2005-08-18 02;10;45 org;None country;None;;;;;;;;;;;;;;;;;;;;;;
('13.38.170.206'; 'beguinot-hauteville-strambert.notaires.fr\n') registrar;MarkMonitor Inc. updated_date;2023-10-31 17;16;04 created_date;2005-08-18 02;10;45 org;None country;None;;;;;;;;;;;;;;;;;;;;;;
('15.188.186.150'; 'bellanger-locate-virapoulle-hoareau.notaires.fr\n') registrar;MarkMonitor Inc. updated_date;2023-10-31 17;16;04 created_date;2005-08-18 02;10;45 org;None country;None;;;;;;;;;;;;;;;;;;;;;;
('15.188.186.150'; 'bellebeau-copin-chateauneuf-sur-charente.notaires.fr\n') registrar;MarkMonitor Inc. updated_date;2023-10-31 17;16;04 created_date;2005-08-18 02;10;45 org;None country;None;;;;;;;;;;;;;;;;;;;;;;
('13.38.170.206'; 'bellia-maugas.notaires.fr\n') registrar;MarkMonitor Inc. updated_date;2023-10-31 17;16;04 created_date;2005-08-18 02;10;45 org;None country;None;;;;;;;;;;;;;;;;;;;;;;
('13.38.170.206'; 'bellili-correia-ballan-gif-sur-yvette.notaires.fr\n') registrar;MarkMonitor Inc. updated_date;2023-10-31 17;16;04 created_date;2005-08-18 02;10;45 org;None country;None;;;;;;;;;;;;;;;;;;;;;;
('13.38.170.206'; 'bellin.notaires.fr\n') registrar;MarkMonitor Inc. updated_date;2023-10-31 17;16;04 created_date;2005-08-18 02;10;45 org;None country;None;;;;;;;;;;;;;;;;;;;;;;
('13.38.170.206'; 'belloc-escobar-huc-suderie-castelnaudary.notaires.fr\n') registrar;MarkMonitor; Inc. updated_date;[datetime.datetime(2023;10;31;17;16; 4); datetime.datetime(2023;10;31;17;16;4; tzinfo=datetime.timezone.utc)] created_date;[datetime.datetime(2005;8;18;2;10; 45); datetime.datetime(2005;8;18;2;10;45; tzinfo=datetime.timezone.utc)] org;Amazon.com; Inc. country;US
('5.196.207.219'; 'belloch.notaires.fr\n') registrar;GANDI updated_date;2023-02-08 06;17;03.641428 created_date;2014-02-13 15;58;49 org;None country;None;;;;;;;;;;;;;;;;;;;;;;
('13.38.170.206'; 'bellot-bray-sur-seine.notaires.fr\n') registrar;MarkMonitor Inc. updated_date;2023-10-31 17;16;04 created_date;2005-08-18 02;10;45 org;None country;None;;;;;;;;;;;;;;;;;;;;;;
('13.38.170.206'; 'belmont-cremieu.notaires.fr\n') registrar;MarkMonitor Inc. updated_date;2023-10-31 17;16;04 created_date;2005-08-18 02;10;45 org;None country;None;;;;;;;;;;;;;;;;;;;;;;
('13.38.170.206'; 'bemct.notaires.fr\n') registrar;MarkMonitor Inc. updated_date;2023-10-31 17;16;04 created_date;2005-08-18 02;10;45 org;None country;None;;;;;;;;;;;;;;;;;;;;;;
('15.188.186.150'; 'benardetassocies.notaires.fr\n') registrar;MarkMonitor Inc. updated_date;2023-10-31 17;16;04 created_date;2005-08-18 02;10;45 org;None country;None;;;;;;;;;;;;;;;;;;;;;;
('13.38.170.206'; 'benasse-breau-paris.notaires.fr\n') registrar;MarkMonitor Inc. updated_date;2023-10-31 17;16;04 created_date;2005-08-18 02;10;45 org;None country;None;;;;;;;;;;;;;;;;;;;;;;
('15.188.186.150'; 'beneat-vannes.notaires.fr\n') registrar;MarkMonitor Inc. updated_date;2023-10-31 17;16;04 created_date;2005-08-18 02;10;45 org;None country;None;;;;;;;;;;;;;;;;;;;;;;
('5.196.207.219'; 'benedettietgrosjean.notaires.fr\n') registrar;GANDI updated_date;2023-02-08 06;17;03.641428 created_date;2014-02-13 15;58;49 org;None country;None;;;;;;;;;;;;;;;;;;;;;;
('13.38.170.206'; 'benichou-medina-grenoble-europole.notaires.fr\n') registrar;MarkMonitor Inc. updated_date;2023-10-31 17;16;04 created_date;2005-08-18 02;10;45 org;None country;None;;;;;;;;;;;;;;;;;;;;;;
('15.188.186.150'; 'benner-philippe-illzach.notaires.fr\n') registrar;MarkMonitor Inc. updated_date;2023-10-31 17;16;04 created_date;2005-08-18 02;10;45 org;None country;None;;;;;;;;;;;;;;;;;;;;;;
('15.188.186.150'; 'benoit-diguet.notaires.fr\n') registrar;MarkMonitor Inc. updated_date;2023-10-31 17;16;04 created_date;2005-08-18 02;10;45 org;None country;None;;;;;;;;;;;;;;;;;;;;;;
('13.38.170.206'; 'benoit-guilhot-mederic-de-prin-coutras.notaires.fr\n') registrar;MarkMonitor Inc. updated_date;2023-10-31 17;16;04 created_date;2005-08-18 02;10;45 org;None country;None;;;;;;;;;;;;;;;;;;;;;;
('13.38.170.206'; 'benoit-mesnard-villeboislavalette.notaires.fr\n') registrar;MarkMonitor Inc. updated_date;2023-10-31 17;16;04 created_date;2005-08-18 02;10;45 org;None country;None;;;;;;;;;;;;;;;;;;;;;;
('13.38.170.206'; 'berdou-marty-font-lourdes.notaires.fr\n') registrar;MarkMonitor Inc. updated_date;2023-10-31 17;16;04 created_date;2005-08-18 02;10;45 org;None country;None;;;;;;;;;;;;;;;;;;;;;;
('13.38.170.206'; 'berger-abellard.notaires.fr\n') registrar;MarkMonitor Inc. updated_date;2023-10-31 17;16;04 created_date;2005-08-18 02;10;45 org;None country;None;;;;;;;;;;;;;;;;;;;;;;
('13.38.170.206'; 'bergeret-rabastens.notaires.fr\n') registrar;MarkMonitor Inc. updated_date;2023-10-31 17;16;04 created_date;2005-08-18 02;10;45 org;None country;None;;;;;;;;;;;;;;;;;;;;;;
('15.188.186.150'; 'bergoin-lagaude.notaires.fr\n') registrar;MarkMonitor Inc. updated_date;2023-10-31 17;16;04 created_date;2005-08-18 02;10;45 org;None country;None;;;;;;;;;;;;;;;;;;;;;;
('13.38.170.206'; 'berhonde-saintjeandeluz.notaires.fr\n') registrar;MarkMonitor Inc. updated_date;2023-10-31 17;16;04 created_date;2005-08-18 02;10;45 org;None country;None;;;;;;;;;;;;;;;;;;;;;;
('15.188.186.150'; 'berlioz-rissoan-heline.notaires.fr\n') registrar;MarkMonitor Inc. updated_date;2023-10-31 17;16;04 created_date;2005-08-18 02;10;45 org;None country;None;;;;;;;;;;;;;;;;;;;;;;
('15.188.186.150'; 'bernadet.notaires.fr\n') registrar;MarkMonitor Inc. updated_date;2023-10-31 17;16;04 created_date;2005-08-18 02;10;45 org;None country;None;;;;;;;;;;;;;;;;;;;;;;
('13.38.170.206'; 'bernard.notaires.fr\n') registrar;MarkMonitor Inc. updated_date;2023-10-31 17;16;04 created_date;2005-08-18 02;10;45 org;None country;None;;;;;;;;;;;;;;;;;;;;;;
('13.38.170.206'; 'bernard-arezes-boisseau-leguyader-castela-lagny-sur-marne.notaires.fr\n') registrar;MarkMonitor Inc. updated_date;2023-10-31 17;16;04 created_date;2005-08-18 02;10;45 org;None country;None;;;;;;;;;;;;;;;;;;;;;;
('13.38.170.206'; 'bernard-beaurevoir.notaires.fr\n') registrar;MarkMonitor Inc. updated_date;2023-10-31 17;16;04 created_date;2005-08-18 02;10;45 org;None country;None;;;;;;;;;;;;;;;;;;;;;;
('15.188.186.150'; 'bernard-chapoutot.notaires.fr\n') registrar;MarkMonitor Inc. updated_date;2023-10-31 17;16;04 created_date;2005-08-18 02;10;45 org;None country;None;;;;;;;;;;;;;;;;;;;;;;
('13.38.170.206'; 'bernard-henaff.notaires.fr\n') registrar;MarkMonitor Inc. updated_date;2023-10-31 17;16;04 created_date;2005-08-18 02;10;45 org;None country;None;;;;;;;;;;;;;;;;;;;;;;
('13.38.170.206'; 'bernard-mandran-bellegardesurvalserine.notaires.fr\n') registrar;MarkMonitor Inc. updated_date;2023-10-31 17;16;04 created_date;2005-08-18 02;10;45 org;None country;None;;;;;;;;;;;;;;;;;;;;;;
('15.188.186.150'; 'bernard-oron-lenoir-saint-tropez.notaires.fr\n') registrar;MarkMonitor Inc. updated_date;2023-10-31 17;16;04 created_date;2005-08-18 02;10;45 org;None country;None;;;;;;;;;;;;;;;;;;;;;;
('13.38.170.206'; 'bernard-ramon.notaires.fr\n') registrar;MarkMonitor Inc. updated_date;2023-10-31 17;16;04 created_date;2005-08-18 02;10;45 org;None country;None;;;;;;;;;;;;;;;;;;;;;;
('13.38.170.206'; 'bernard-singer.notaires.fr\n') registrar;MarkMonitor Inc. updated_date;2023-10-31 17;16;04 created_date;2005-08-18 02;10;45 org;None country;None;;;;;;;;;;;;;;;;;;;;;;
('15.188.186.150'; 'bernard-uttenweiler-strasbourg.notaires.fr\n') registrar;MarkMonitor Inc. updated_date;2023-10-31 17;16;04 created_date;2005-08-18 02;10;45 org;None country;None;;;;;;;;;;;;;;;;;;;;;;
('13.38.170.206'; 'bernet-valette-roanne.notaires.fr\n') registrar;MarkMonitor Inc. updated_date;2023-10-31 17;16;04 created_date;2005-08-18 02;10;45 org;None country;None;;;;;;;;;;;;;;;;;;;;;;
('13.38.170.206'; 'bernier-champigny-sur-marne.notaires.fr\n') registrar;MarkMonitor Inc. updated_date;2023-10-31 17;16;04 created_date;2005-08-18 02;10;45 org;None country;None;;;;;;;;;;;;;;;;;;;;;;
('13.38.170.206'; 'bernot-froment-pujol-suresnes.notaires.fr\n') registrar;MarkMonitor Inc. updated_date;2023-10-31 17;16;04 created_date;2005-08-18 02;10;45 org;None country;None;;;;;;;;;;;;;;;;;;;;;;
('15.188.186.150'; 'bertagna-marchio-nice.notaires.fr\n') registrar;MarkMonitor Inc. updated_date;2023-10-31 17;16;04 created_date;2005-08-18 02;10;45 org;None country;None;;;;;;;;;;;;;;;;;;;;;;
('13.38.170.206'; 'berta-groisy.notaires.fr\n') registrar;MarkMonitor Inc. updated_date;2023-10-31 17;16;04 created_date;2005-08-18 02;10;45 org;None country;None;;;;;;;;;;;;;;;;;;;;;;
('15.188.186.150'; 'bertho-monot-guingamp-office-notarial.notaires.fr\n') registrar;MarkMonitor Inc. updated_date;2023-10-31 17;16;04 created_date;2005-08-18 02;10;45 org;None country;None;;;;;;;;;;;;;;;;;;;;;;
('13.38.170.206'; 'bertin-machecoul.notaires.fr\n') registrar;MarkMonitor Inc. updated_date;2023-10-31 17;16;04 created_date;2005-08-18 02;10;45 org;None country;None;;;;;;;;;;;;;;;;;;;;;;
('13.38.170.206'; 'berton-gueyraud-rians-vinonsurverdon.notaires.fr\n') registrar;MarkMonitor Inc. updated_date;2023-10-31 17;16;04 created_date;2005-08-18 02;10;45 org;None country;None;;;;;;;;;;;;;;;;;;;;;;
('15.188.186.150'; 'bertoni-courchevel.notaires.fr\n') registrar;MarkMonitor Inc. updated_date;2023-10-31 17;16;04 created_date;2005-08-18 02;10;45 org;None country;None;;;;;;;;;;;;;;;;;;;;;;
('13.38.170.206'; 'bert-oye-plage.notaires.fr\n') registrar;MarkMonitor Inc. updated_date;2023-10-31 17;16;04 created_date;2005-08-18 02;10;45 org;None country;None;;;;;;;;;;;;;;;;;;;;;;
('13.38.170.206'; 'bertrand-gouvernaire.notaires.fr\n') registrar;MarkMonitor Inc. updated_date;2023-10-31 17;16;04 created_date;2005-08-18 02;10;45 org;None country;None;;;;;;;;;;;;;;;;;;;;;;
('15.188.186.150'; 'bertrand-hirson.notaires.fr\n') registrar;MarkMonitor Inc. updated_date;2023-10-31 17;16;04 created_date;2005-08-18 02;10;45 org;None country;None;;;;;;;;;;;;;;;;;;;;;;
('15.188.186.150'; 'besancenot-saint-gaudens.notaires.fr\n') registrar;MarkMonitor Inc. updated_date;2023-10-31 17;16;04 created_date;2005-08-18 02;10;45 org;None country;None;;;;;;;;;;;;;;;;;;;;;;
('128.65.195.78'; 'besancon-seguin-vienne-pyramide.notaires.fr\n') registrar;None updated_date;None created_date;None org;None country;None;;;;;;;;;;;;;;;;;;;;;;;;;;
('15.188.186.150'; 'bessat-dasi-colonna-salondeprovence.notaires.fr\n') registrar;MarkMonitor Inc. updated_date;2023-10-31 17;16;04 created_date;2005-08-18 02;10;45 org;None country;None;;;;;;;;;;;;;;;;;;;;;;
('13.38.170.206'; 'bessat-trambouze-livet-guitton-lecoteau.notaires.fr\n') registrar;MarkMonitor Inc. updated_date;2023-10-31 17;16;04 created_date;2005-08-18 02;10;45 org;None country;None;;;;;;;;;;;;;;;;;;;;;;
('15.188.186.150'; 'besse-sabatier-saint-flour.notaires.fr\n') registrar;MarkMonitor Inc. updated_date;2023-10-31 17;16;04 created_date;2005-08-18 02;10;45 org;None country;None;;;;;;;;;;;;;;;;;;;;;;
('15.188.186.150'; 'besset-aurignac.notaires.fr\n') registrar;MarkMonitor Inc. updated_date;2023-10-31 17;16;04 created_date;2005-08-18 02;10;45 org;None country;None;;;;;;;;;;;;;;;;;;;;;;
('13.38.170.206'; 'bessone-pasquier-chateauneuflesmartigues.notaires.fr\n') registrar;MarkMonitor Inc. updated_date;2023-10-31 17;16;04 created_date;2005-08-18 02;10;45 org;None country;None;;;;;;;;;;;;;;;;;;;;;;
('15.188.186.150'; 'besson-levray-dijon.notaires.fr\n') registrar;MarkMonitor Inc. updated_date;2023-10-31 17;16;04 created_date;2005-08-18 02;10;45 org;None country;None;;;;;;;;;;;;;;;;;;;;;;
('15.188.186.150'; 'besson-subert.notaires.fr\n') registrar;MarkMonitor Inc. updated_date;2023-10-31 17;16;04 created_date;2005-08-18 02;10;45 org;None country;None;;;;;;;;;;;;;;;;;;;;;;
('13.38.170.206'; 'bessou.notaires.fr\n') registrar;MarkMonitor Inc. updated_date;2023-10-31 17;16;04 created_date;2005-08-18 02;10;45 org;None country;None;;;;;;;;;;;;;;;;;;;;;;
('15.188.186.150'; 'betta-puteaux-ladefense.notaires.fr\n') registrar;MarkMonitor Inc. updated_date;2023-10-31 17;16;04 created_date;2005-08-18 02;10;45 org;None country;None;;;;;;;;;;;;;;;;;;;;;;
('15.188.186.150'; 'bettinger-grimod.notaires.fr\n') registrar;MarkMonitor Inc. updated_date;2023-10-31 17;16;04 created_date;2005-08-18 02;10;45 org;None country;None;;;;;;;;;;;;;;;;;;;;;;
('15.188.186.150'; 'bfv.notaires.fr\n') registrar;MarkMonitor Inc. updated_date;2023-10-31 17;16;04 created_date;2005-08-18 02;10;45 org;None country;None;;;;;;;;;;;;;;;;;;;;;;
('15.188.186.150'; 'bhm-notaires-enghien.notaires.fr\n') registrar;MarkMonitor Inc. updated_date;2023-10-31 17;16;04 created_date;2005-08-18 02;10;45 org;None country;None;;;;;;;;;;;;;;;;;;;;;;
('13.38.170.206'; 'bichel-troyes.notaires.fr\n') registrar;MarkMonitor Inc. updated_date;2023-10-31 17;16;04 created_date;2005-08-18 02;10;45 org;None country;None;;;;;;;;;;;;;;;;;;;;;;
('15.188.186.150'; 'bihin.notaires.fr\n') registrar;MarkMonitor Inc. updated_date;2023-10-31 17;16;04 created_date;2005-08-18 02;10;45 org;None country;None;;;;;;;;;;;;;;;;;;;;;;
('13.38.170.206'; 'billard-freville-saint-valery-sur-somme.notaires.fr\n') registrar;MarkMonitor Inc. updated_date;2023-10-31 17;16;04 created_date;2005-08-18 02;10;45 org;None country;None;;;;;;;;;;;;;;;;;;;;;;
('15.188.186.150'; 'billy-banyuls.notaires.fr\n') registrar;MarkMonitor Inc. updated_date;2023-10-31 17;16;04 created_date;2005-08-18 02;10;45 org;None country;None;;;;;;;;;;;;;;;;;;;;;;
('15.188.186.150'; 'binard-grand-ploermel.notaires.fr\n') registrar;MarkMonitor Inc. updated_date;2023-10-31 17;16;04 created_date;2005-08-18 02;10;45 org;None country;None;;;;;;;;;;;;;;;;;;;;;;
('13.38.170.206'; 'binard-mauron.notaires.fr\n') registrar;MarkMonitor Inc. updated_date;2023-10-31 17;16;04 created_date;2005-08-18 02;10;45 org;None country;None;;;;;;;;;;;;;;;;;;;;;;
('15.188.186.150'; 'bingler-munster.notaires.fr\n') registrar;MarkMonitor Inc. updated_date;2023-10-31 17;16;04 created_date;2005-08-18 02;10;45 org;None country;None;;;;;;;;;;;;;;;;;;;;;;
